{
    "departments": [
        {
            "deptNo": "d01",
            "deptName": "Computer Support",
            "tel": "08555554",
            "employees": [
                {
                    "empID": "e0001",
                    "empName": "Smith Loy",
                    "email": "smith@gmail.com"
                },
                {
                    "empID": "e0002",
                    "empName": "Mary Jane",
                    "email": "mar@hotmail.com"
                }
            ]
        },
        {
            "deptNo": "d02",
            "deptName": "Sales",
            "tel": "09644524",
            "employees": [
                {
                    "empID": "e0003",
                    "empName": "Wiily Mac",
                    "email": "will@gmail.com"
                }
            ]
        }
    ]
}